[
    {
      "name": "Pineapple",
      "imgUrl": "https://lh3.googleusercontent.com/d/15tmniwp0w_i3hE0lpSXHe_fGkyOeLdNZ",
      "category": "fruit",
      "text": "1kg",
      "price": 200,
      "stock": 5
    },
    {
      "name": "Avocado",
      "imgUrl": "https://lh3.googleusercontent.com/d/12lUzabM28_qux2GsH6bHboLoyvDIYAqR",
      "category": "fruit",
      "text": "1kg",
      "price": 350,
      "stock": 5
    },
    {
      "name": "Papaya",
      "imgUrl": "https://lh3.googleusercontent.com/d/1tlyAsETh-E_WRxpDe1AIH0oLfPySG1iw",
      "category": "fruit",
      "text": "1kg",
      "price": 100,
      "stock": 5
    },
    {
      "name": "Apple",
      "imgUrl": "https://lh3.googleusercontent.com/d/14T5RJIlX7mMg0KNV9KDzlRXyKVm0TpEB",
      "category": "fruit",
      "text": "3kg",
      "price": 100,
      "stock": 5
    },
    {
      "name": "Kevin",
      "imgUrl": "https://lh3.googleusercontent.com/d/1Hw32BcdFSzXW-4a0xmbB5tdGL2Gh4La2",
      "category": "fruit",
      "text": "1kg",
      "price": 500,
      "stock": 5
    },
    {
      "name": "Orange",
      "imgUrl": "https://lh3.googleusercontent.com/d/1QV1_4vszU642YAdxkpzk2zRB2JygsVgN",
      "category": "fruit",
      "text": "1kg",
      "price": 90,
      "stock": 5
    },
    {
      "name": "Pear",
      "imgUrl": "https://lh3.googleusercontent.com/d/1kzjy3WMAwCVBq4YuSvn1SariZeSikFeu",
      "category": "fruit",
      "text": "1kg",
      "price": 100,
      "stock": 5
    },
    {
      "name": "Strawberry",
      "imgUrl": "https://lh3.googleusercontent.com/d/1qP_oRTSiVdDkh3g7Qe7gQz7t-PvvT93h",
      "category": "fruit",
      "text": "1kg",
      "price": 200,
      "stock": 5
    },
    {
      "name": "Butter",
      "imgUrl": "https://lh3.googleusercontent.com/d/1_VgJHS8ntOhBMY7CxHSP6XMUCJ5HPU-a",
      "category": "Dairy",
      "text": "100gm",
      "price": 80,
      "stock": 5
    },
    {
      "name": "Cheese",
      "imgUrl": "https://lh3.googleusercontent.com/d/17vceSifkEXrL79EFq0s2Iw14qwi5BaUQ",
      "category": "Dairy",
      "text": "100gm",
      "price": 100,
      "stock": 5
    },
    {
      "name": "Milk",
      "imgUrl": "https://lh3.googleusercontent.com/d/1zdrl7LVK4U0zaxZo8YIMSpcuaRf7Ce8m",
      "category": "Dairy",
      "text": "1lt",
      "price": 30,
      "stock": 5
    },
    {
      "name": "Yogurt",
      "imgUrl": "https://lh3.googleusercontent.com/d/1S76srpl-UOMft0uuiFgFm6qM_K8vsK57",
      "category": "Dairy",
      "text": "1kg",
      "price": 180,
      "stock": 5
    },
    {
      "name": "Tomatoes",
      "imgUrl": "https://lh3.googleusercontent.com/d/1ikAT_Sh1UCmZqwmYKOcC3BRziY1E_H_x",
      "category": "Vegetables",
      "text": "1kg",
      "price": 60,
      "stock": 5
    },
    {
      "name": "Beets",
      "imgUrl": "https://lh3.googleusercontent.com/d/1fNmqiguOtpKQ5PEFBb4vA9SfsOGWHiKE",
      "category": "Vegetables",
      "text": "1kg",
      "price": 50,
      "stock": 5
    },
    {
      "name": "Broccoli",
      "imgUrl": "https://lh3.googleusercontent.com/d/1Dj2PpIUG-muEad0X5bRkJQlMXyGMgevg",
      "category": "Vegetables",
      "text": "1kg",
      "price": 90,
      "stock": 5
    },
    {
      "name": "Cabbage",
      "imgUrl": "https://lh3.googleusercontent.com/d/1udl2u227KYFBHMnqJVt4w8CfcdScRYTV",
      "category": "Vegetables",
      "text": "1kg",
      "price": 80,
      "stock": 5
    },
    {
      "name": "Cauliflower",
      "imgUrl": "https://lh3.googleusercontent.com/d/1JufpVw5ByJ-u5VEL_-8QPXss_58VanTE",
      "category": "Vegetables",
      "text": "1kg",
      "price": 30,
      "stock": 5
    },
    {
      "name": "Garlic",
      "imgUrl": "https://lh3.googleusercontent.com/d/1lOvPU-AEGSimcvj-8L0W3Ol0YZTJYTPN",
      "category": "Vegetables",
      "text": "500gm",
      "price": 100,
      "stock": 5
    },
    {
      "name": "Onions",
      "imgUrl": "https://lh3.googleusercontent.com/d/1PtG1nyaYpu7F2IaLTNjNX5gisvyQvCtv",
      "category": "Vegetables",
      "text": "1kg",
      "price": 70,
      "stock": 5
    },
    {
      "name": "Potatoes",
      "imgUrl": "https://lh3.googleusercontent.com/d/14HgTnO5qv_jnPJtFi4pwxer089CVZC4g",
      "category": "Vegetables",
      "text": "1kg",
      "price": 100,
      "stock": 5
    },
    {
      "name": "Popcorn",
      "imgUrl": "https://lh3.googleusercontent.com/d/1ufmCohoFc_R9qRg1VPBAlgJzp8Y-hkyW",
      "category": "Snacks",
      "text": "100gm",
      "price": 30,
      "stock": 5
    },
    {
      "name": "Almonds",
      "imgUrl": "https://lh3.googleusercontent.com/d/1qGXAYUk6C1MbIRxFMa7NGgeQ_7Nuc4tL",
      "category": "Snacks",
      "text": "1kg",
      "price": 500,
      "stock": 5
    },
    {
      "name": "Candy",
      "imgUrl": "https://lh3.googleusercontent.com/d/148f7NYrW9SA6_R-sEmJ0KeOh8yKm8seG",
      "category": "Snacks",
      "text": "1kg",
      "price": 500,
      "stock": 5
    },
    {
      "name": "Cookies",
      "imgUrl": "https://lh3.googleusercontent.com/d/1mh5MflGN99eOQN5fJ1mG0V8ENouyWGhN",
      "category": "Snacks",
      "text": "300gm",
      "price": 30,
      "stock": 5
    },
    {
      "name": "Sponges",
      "imgUrl": "https://lh3.googleusercontent.com/d/19woAM-ubpDCTluz-QXAL6QNo5hadJP47",
      "category": "Household",
      "text": "1kg",
      "price": 80,
      "stock": 5
    },
    {
      "name": "Batteries",
      "imgUrl": "https://lh3.googleusercontent.com/d/1mwNpal1NWNWQv9L7Tjs7X7KCVp2V-Hm7",
      "category": "Household",
      "text": "1PAck",
      "price": 30,
      "stock": 5
    },
    {
      "name": "soap",
      "imgUrl": "https://lh3.googleusercontent.com/d/1nQaFvgKiNG2sFo31ThgzhVRHeUBcc3Gr",
      "category": "Household",
      "text": "1kg",
      "price": 100,
      "stock": 5
    },
    {
      "name": "Napkins",
      "imgUrl": "https://lh3.googleusercontent.com/d/1swmRqzsCXBtzJTt9tEqOEbkjRsskrL4m",
      "category": "Household",
      "text": "1box",
      "price": 20,
      "stock": 5
    },
    {
      "name": "conditioner",
      "imgUrl": "https://lh3.googleusercontent.com/d/1ch9aTbVLNAoxc2qVbHVN52-lJmjsBjPg",
      "category": "Household",
      "text": "1lt",
      "price": 200,
      "stock": 8
    },
    {
      "name": "Shampoo",
      "imgUrl": "https://lh3.googleusercontent.com/d/1F6QFxCYb_1kCDz90wVp1rLbGV3utzUSC",
      "category": "Household",
      "text": "1lt",
      "price": 150,
      "stock": 7
    }
]
